PRV194605080,FRV,2,PRV,6,,8:30pm,,,,
LAW194605080,PAW,4,LAW,9,,,,,,
LYN194605080,NAS,4,LYN,7,,,,,,
MAN194605080,PRT,1,MAN,4,,,,,,
PAW194605090,LAW,3,PAW,5,,8:15pm,,,,
NAS194605090,LYN,PPD,NAS,PPD,,,RAINEDOUT,Rain,,
FRV194605090,PRV,5,FRV,7,,5:30pm,,,,
PRT194605090,MAN,12,PRT,1,8,,,,Rain,
PAW194605100,NAS,3,PAW,0,,8:30pm,,,,
LAW194605100,PRV,3,LAW,4,,,,,,
LYN194605100,PRT,1,LYN,10,,,,,,
MAN194605100,FRV,2,MAN,13,,,,,,
PRV194605110,LAW,6,PRV,19,8,8:15pm,,,Rain,
NAS194605110,FRV,PPD,NAS,PPD,,3:30pm,RAINEDOUT,Rain,,
MAN194605110,PAW,PPD,MAN,PPD,,8pm,RAINEDOUT,Rain,,
LAW194605120,MAN,PPD,LAW,PPD,,3:15pm,RAINEDOUT,Rain,,
LYN194605121,PRV,4,LYN,10,,1:30pm,,,,
LYN194605122,PRV,5,LYN,3,,,,,,
FRV194605121,NAS,PPD,FRV,PPD,,1:30pm,RAINEDOUT,Rain,,
FRV194605122,NAS,PPD,FRV,PPD,,,RAINEDOUT,Rain,,
PRT194605120,PAW,PPD,PRT,PPD,,2:30pm,RAINEDOUT,Rain: Portland led 1-0 after 1st inning,,
MAN194605120,LAW,PPD,MAN,PPD,,8pm,RAINEDOUT,Rain,,
PRV194605130,PRT,1,PRV,10,,8:30pm,,,,
LAW194605130,PAW,10,LAW,4,,8:30pm,,,,
FRV194605130,LYN,9,FRV,1,,5:30pm,,,,
MAN194605130,NAS,10,MAN,11,11,8pm,,,,
PRV194605140,MAN,2,PRV,9,,8:30pm,,,,
NAS194605140,LAW,3,NAS,4,,5pm,,,,
LYN194605140,PAW,1,LYN,8,,8:15pm,,,,
FRV194605140,PRT,3,FRV,1,,5:30pm,,,,
LAW194605150,NAS,3,LAW,4,,8:30pm,,,,
LYN194605150,FRV,PPD,LYN,PPD,,8:15pm,RAINEDOUT,Rain,,
PRT194605150,PAW,PPD,PRT,PPD,,3:15pm,RAINEDOUT,Rain,,
MAN194605150,PRV,11,MAN,6,,4:30pm,,,,
PAW194605160,LYN,PPD,PAW,PPD,,8:15pm,RAINEDOUT,Rain: Game called after top of 1st inning,,
NAS194605160,MAN,1,NAS,8,,5pm,,,,
FRV194605160,LAW,4,FRV,1,,5:30pm,,,,
PRT194605160,PRV,6,PRT,9,,3:15pm,,,,
PAW194605170,MAN,PPD,PAW,PPD,,8:15pm,RAINEDOUT,Rain,,
LYN194605170,NAS,PPD,LYN,PPD,,8:15pm,RAINEDOUT,Rain,,
PRT194605170,PRV,7,PRT,1,,3:15pm,,,,
PRV194605180,FRV,PPD,PRV,PPD,,8pm,RAINEDOUT,Rain,,
NAS194605181,PAW,PPD,NAS,PPD,,6pm,RAINEDOUT,Rain,,
NAS194605182,PAW,PPD,NAS,PPD,,,RAINEDOUT,Rain,,
PRT194605180,LAW,PPD,PRT,PPD,,,RAINEDOUT,Rain,,
MAN194605180,LYN,PPD,MAN,PPD,,,RAINEDOUT,Rain,,
PAW194605190,PRV,5,PAW,1,,,,,,
LYN194605190,LAW,1,LYN,2,11,,,,,
FRV194605191,PRT,1,FRV,4,,1:30pm,,,,
FRV194605192,PRT,6,FRV,13,,,,,,
MAN194605190,NAS,2,MAN,4,,2:30pm,,,,
PAW194605200,FRV,2,PAW,4,,8:30pm,,,,
PRV194605200,LYN,2,PRV,4,,,,,,
NAS194605200,PRT,4,NAS,2,,8:15pm,,,,
LAW194605200,MAN,7,LAW,8,12,,,,,
PAW194605210,LAW,PPD,PAW,PPD,,,RAINEDOUT,Rain,,
NAS194605210,PRV,PPD,NAS,PPD,,8:15pm,RAINEDOUT,Rain,,
LYN194605210,MAN,PPD,LYN,PPD,,,RAINEDOUT,Rain,,
PRT194605210,FRV,PPD,PRT,PPD,,,RAINEDOUT,Rain,,
PAW194605220,NAS,5,PAW,2,,8:30pm,,,,
LAW194605220,PRV,7,LAW,6,,,,,,
PRT194605220,LYN,4,PRT,5,,,,,,
MAN194605220,FRV,1,MAN,2,,,,,,
LAW194605230,LYN,3,LAW,2,,,,,,
FRV194605230,PAW,3,FRV,2,10,5:30pm,,,,
PRT194605230,NAS,11,PRT,0,,3:15pm,,,,
MAN194605230,PRV,4,MAN,2,,,,,,
PRV194605240,PAW,13,PRV,4,,,,,,
NAS194605240,MAN,2,NAS,5,,8:15pm,,,,
LAW194605240,PRT,2,LAW,12,,,,,,
LYN194605240,FRV,1,LYN,13,,,,,,
NAS194605250,LYN,4,NAS,7,,8:15pm,,,,
FRV194605250,PRV,15,FRV,9,,8:30pm,,,,
MAN194605251,LAW,1,MAN,6,,,,,,
MAN194605252,LAW,8,MAN,9,7,,MAKEUP,,,
PAW194605260,PRT,PPD,PAW,PPD,,8:30pm,RAINEDOUT,Rain,,
PRV194605260,LAW,PPD,PRV,PPD,,8:30pm,RAINEDOUT,Rain,,
NAS194605260,FRV,PPD,NAS,PPD,,8:15pm,RAINEDOUT,Rain,,
LYN194605260,NAS,0,LYN,3,,Afternoon,,,,
MAN194605260,FRV,3,MAN,2,,Afternoon,,,,
PRV194605270,NAS,PPD,PRV,PPD,,8:30pm,RAINEDOUT,Rain,,
LAW194605270,PAW,PPD,LAW,PPD,,8:30pm,RAINEDOUT,Rain,,
FRV194605270,LYN,PPD,FRV,PPD,,8:30pm,RAINEDOUT,Rain,,
PRT194605270,MAN,PPD,PRT,PPD,,5:45pm,RAINEDOUT,Rain,,
PAW194605280,FRV,PPD,PAW,PPD,,8:30pm,RAINEDOUT,Rain,,
PRV194605280,MAN,PPD,PRV,PPD,,,RAINEDOUT,Rain,,
NAS194605280,LAW,PPD,NAS,PPD,,,RAINEDOUT,Rain,,
LYN194605280,PRT,PPD,LYN,PPD,,,RAINEDOUT,Rain,,
PAW194605290,NAS,2,PAW,8,,8:30pm,,,,
PRV194605290,PRT,0,PRV,9,,8:30pm,,,,
LYN194605290,LAW,1,LYN,8,,,,,,
FRV194605290,MAN,PPD,FRV,PPD,,8:30pm,RAINEDOUT,Rain,,
NAS194605301,PRV,2,NAS,3,7,,,,,
NAS194605302,PRV,PPD,NAS,PPD,,,PROTESTED_SUCCESSFULLY,Nashua lost 1-0 but Dodgers protested and result was overturned,,
LAW194605301,LYN,6,LAW,17,8,,,,,
LAW194605302,LYN,11,LAW,3,,,,,,
PRT194605301,FRV,4,PRT,3,10,,,,,
PRT194605302,FRV,0,PRT,5,7,,,,Darkness,
MAN194605301,PAW,4,MAN,1,7,,,,,
MAN194605302,PAW,0,MAN,4,,,,,,
PAW194605310,MAN,6,PAW,9,,,,,,
PRV194605310,LYN,13,PRV,0,,,,,,
NAS194605310,PRT,10,NAS,11,,8:15pm,,,,
LAW194605310,FRV,2,LAW,16,,,,,,
PRV194606010,MAN,PPD,PRV,PPD,,,RAINEDOUT,Rain,,
NAS194606011,PAW,PPD,NAS,PPD,,6pm,RAINEDOUT,Rain,,
NAS194606012,PAW,PPD,NAS,PPD,,,RAINEDOUT,Rain,,
FRV194606011,LYN,PPD,FRV,PPD,,6pm,RAINEDOUT,Rain,,
FRV194606012,LYN,PPD,FRV,PPD,,8:30pm,RAINEDOUT,Rain,,
PRT194606010,LAW,PPD,PRT,PPD,,,RAINEDOUT,Rain,,
PAW194606020,PRV,PPD,PAW,PPD,,8pm,RAINEDOUT,Rain,,
LAW194606020,MAN,PPD,LAW,PPD,,2:30pm,RAINEDOUT,Rain,,
LYN194606020,PAW,PPD,LYN,PPD,,3pm,RAINEDOUT,Rain,,
FRV194606020,PRV,PPD,FRV,PPD,,3pm,RAINEDOUT,Rain,,
PRT194606020,NAS,7,PRT,6,,2:30pm,,,,
MAN194606020,LAW,PPD,MAN,PPD,,8:15pm,RAINEDOUT,Rain,,
PRV194606030,LYN,5,PRV,3,,8:30pm,,,,
LAW194606030,NAS,4,LAW,5,,,,,,
PRT194606030,MAN,8,PRT,9,,,,,,
PAW194606030,FRV,0,PAW,7,,8:30pm,MAKEUP,,,
LYN194606040,PRV,PPD,LYN,PPD,,8:30pm,RAINEDOUT,Rain,,
FRV194606040,PAW,PPD,FRV,PPD,,8:30pm,RAINEDOUT,Rain,,
MAN194606040,PRT,2,MAN,13,6,,,,Rain,
PRV194606050,LAW,PPD,PRV,PPD,,8:30pm,RAINEDOUT,Rain: Game tied 1-1 in 2nd inning,,
LYN194606051,NAS,4,LYN,3,8,,,,Darkness,
LYN194606052,NAS,4,LYN,5,,,MAKEUP,,,
PRT194606051,PAW,PPD,PRT,PPD,,2:30pm,RAINEDOUT,Rain,,
PRT194606052,PAW,PPD,PRT,PPD,,,MAKEUP-RAINEDOUT,Rain,,
MAN194606050,FRV,0,MAN,11,,,MAKEUP,,,
PRV194606060,PRT,5,PRV,17,,8:30pm,,,,
NAS194606061,LYN,1,NAS,8,7,6pm,,,,
NAS194606062,LYN,4,NAS,0,,,MAKEUP,,,
LAW194606060,PAW,5,LAW,4,,8:30pm,,,,
FRV194606060,MAN,3,FRV,1,,8:30pm,,,,
PRV194606070,FRV,5,PRV,0,,8:30pm,,,,
LAW194606070,PRT,PPD,LAW,PPD,,8:30pm,RAINEDOUT,Rain,,
LYN194606070,PAW,1,LYN,2,,8:30pm,,,,
MAN194606070,NAS,PPD,MAN,PPD,,8:15pm,RAINEDOUT,Rain,,
PAW194606081,MAN,5,PAW,7,,3pm,,,,
PAW194606082,MAN,2,PAW,11,,8:30pm,MAKEUP,,,
NAS194606080,LAW,PPD,NAS,PPD,,,RAINEDOUT,Rain,,
FRV194606080,PRV,PPD,FRV,PPD,,8:30pm,RAINEDOUT,Rain: Fall River led 2-0 after 4th inning,,
PRT194606080,LYN,15,PRT,7,,,,,,
PAW194606090,PRV,1,PAW,7,,Afternoon,MAKEUP,,,
PRV194606090,PAW,5,PRV,7,,Night,,,,
NAS194606090,MAN,5,NAS,0,,Afternoon,,,,
MAN194606090,NAS,5,MAN,1,,Night,,,,
LAW194606091,FRV,5,LAW,14,,,,,,
LAW194606092,FRV,3,LAW,8,,,,,,
PRT194606090,LYN,5,PRT,1,,,,,,
PAW194606100,FRV,3,PAW,7,,8:30pm,,,,
NAS194606100,PRT,2,NAS,12,,8:30pm,,,,
LAW194606100,PRV,1,LAW,12,,8:30pm,,,,
MAN194606101,LYN,7,MAN,0,,6pm,,,,
MAN194606102,LYN,1,MAN,3,,,MAKEUP,,,
PAW194606111,PRT,PPD,PAW,PPD,,6:15pm,RAINEDOUT,Rain: Game called after first inning,,
PAW194606112,PRT,6,PAW,11,,9:15pm,MAKEUP-RAINEDOUT,Rain,,
LYN194606110,LAW,PPD,LYN,PPD,,8:30pm,RAINEDOUT,Rain,,
FRV194606111,NAS,PPD,FRV,PPD,,6pm,RAINEDOUT,Rain: Nashua led 1-0 in bottom of 3rd inning,,
FRV194606112,NAS,PPD,FRV,PPD,,8:30pm,MAKEUP-RAINEDOUT,Rain,,
MAN194606110,PRV,PPD,MAN,PPD,,,RAINEDOUT,Rain,,
NAS194606121,PRV,1,NAS,2,,8:30pm,RESUMPTION_OF_PROTESTED_GAME,,,
NAS194606122,PRV,5,NAS,3,,,,,,
LAW194606120,LYN,11,LAW,1,,8:30pm,,,,
FRV194606120,PAW,1,FRV,4,,8:30pm,,,,
MAN194606120,PRT,10,MAN,19,,8:30pm,,,,
PAW194606131,LYN,2,PAW,3,11,6:15pm,,,,
PAW194606132,LYN,0,PAW,3,7,,MAKEUP,,,
NAS194606130,MAN,4,NAS,2,,8:30pm,,,,
FRV194606130,LAW,15,FRV,4,,8:30pm,,,,
PRT194606130,PRV,4,PRT,2,,5:45pm,,,,
LAW194606140,PAW,0,LAW,6,,,,,,
LYN194606140,PRV,2,LYN,3,,,,,,
PRT194606140,NAS,11,PRT,5,,,,,,
MAN194606140,FRV,1,MAN,5,,,,,,
PRV194606151,MAN,9,PRV,4,7,7:30pm,,,,
PRV194606152,MAN,15,PRV,3,7,,MAKEUP,,11:40 pm Curfew,
LAW194606150,NAS,7,LAW,5,,8:30pm,,,,
FRV194606151,LYN,4,FRV,1,7,6pm,,,,
FRV194606152,LYN,7,FRV,3,,,MAKEUP,,,
PRT194606151,PAW,4,PRT,5,,3:15pm,,,,
PRT194606152,PAW,8,PRT,3,7,,MAKEUP,,,
PAW194606160,MAN,4,PAW,7,,8:30pm,,,,
NAS194606160,LYN,2,NAS,6,,8:30pm,,,,
LYN194606160,PAW,3,LYN,4,,3pm,,,,
FRV194606160,PRV,7,FRV,4,,2:30pm,,,,
PRV194606160,FRV,3,PRV,6,,8:30pm,MAKEUP,,,
PRT194606161,LAW,3,PRT,2,,2pm,,,,
PRT194606162,LAW,7,PRT,6,17,,,,,
PAW194606170,FRV,3,PAW,5,,8:30pm,,,,
LAW194606170,PRT,0,LAW,7,,8:30pm,,,,
LYN194606170,NAS,10,LYN,11,10,8:30pm,,,,
MAN194606170,PRV,PPD,MAN,PPD,,,REPLACED_WITH _MLB_EXHIBITION_GAME,,,
PAW194606180,LAW,3,PAW,7,,8:30pm,,,,
NAS194606180,PRV,2,NAS,0,,8:30pm,,,,
LYN194606180,MAN,2,LYN,3,,8:30pm,,,,
FRV194606180,PRT,PPD,FRV,PPD,,8:30pm,RAINEDOUT,Rain,,
NAS194606190,PRT,1,NAS,2,,8:30pm,,,,
LAW194606190,PRV,8,LAW,6,,8:30pm,,,,
LYN194606191,PAW,1,LYN,2,,6:15pm,,,,
LYN194606192,PAW,4,LYN,1,,,MAKEUP,,,
FRV194606191,MAN,5,FRV,4,,7pm,,,,
FRV194606192,MAN,8,FRV,3,,9:30pm,,,,
PRV194606200,LYN,12,PRV,1,,8:30pm,,,,
NAS194606201,PAW,1,NAS,0,7,6:15pm,,,,
NAS194606202,PAW,2,NAS,3,,,MAKEUP,,,
LAW194606201,MAN,7,LAW,5,10,,,,,
LAW194606202,MAN,1,LAW,7,7,,,,,
PRT194606200,FRV,8,PRT,1,,5:45pm,,,,
PAW194606210,PRV,3,PAW,1,,8:30pm,,,,
PRT194606210,NAS,10,PRT,2,,5:45pm,,,,
MAN194606210,FRV,2,MAN,8,,8:30pm,,,,
LYN194606210,LAW,4,LYN,6,,8:30pm,MAKEUP,,,
PRV194606220,LAW,3,PRV,8,,8:30pm,,,,
FRV194606221,NAS,5,FRV,2,7,7pm,,,,
FRV194606222,NAS,5,FRV,3,,9:30pm,MAKEUP,,,
PRT194606221,LYN,14,PRT,6,,2pm,,,,
PRT194606222,LYN,12,PRT,3,7,,,,,
MAN194606221,PAW,1,MAN,10,7,2pm,,,,
MAN194606222,PAW,7,MAN,4,,,MAKEUP,,,
PRV194606231,NAS,8,PRV,4,7,7pm,,,,
PRV194606232,NAS,5,PRV,7,,,,,,
LYN194606230,FRV,8,LYN,9,11,3pm,,,,
PRT194606231,PAW,8,PRT,3,,2pm,,,,
PRT194606232,PAW,19,PRT,11,7,,,,,
MAN194606230,LAW,3,MAN,2,,8:15pm,,,,
PRV194606240,PRT,6,PRV,13,,8:30pm,,,,
NAS194606240,MAN,7,NAS,4,,,,,,
LAW194606240,PAW,3,LAW,7,,8:30pm,,,,
FRV194606241,LYN,7,FRV,5,,7pm,,,,
FRV194606242,LYN,14,FRV,0,8,9:30pm,MAKEUP,,11:45 pm Curfew,
PRV194606250,PAW,2,PRV,3,6,8:30pm,,,,
LYN194606251,PRT,1,LYN,3,7,6:30pm,,,,
LYN194606252,PRT,3,LYN,15,,,MAKEUP,,,
FRV194606250,LAW,PPD,FRV,PPD,,8:30pm,FOGGEDOUT,Fog: Lawrence led 3-0 in top of 1st inning,,
MAN194606250,NAS,PPD,MAN,PPD,,8:15pm,LISTED_IN_JUNE25_PJ_PT_FR_BUT_NOT_JUNE26,,,
PAW194606260,PRT,1,PAW,13,,,,,,
NAS194606260,PRV,4,NAS,8,,,,,,
LAW194606260,FRV,0,LAW,6,,,,,,
LYN194606261,MAN,0,LYN,2,7,,,,,
LYN194606262,MAN,11,LYN,12,,,MAKEUP,,,
NAS194606270,LYN,PPD,NAS,PPD,,8:30pm,RAINEDOUT,Rain,,
LAW194606271,MAN,6,LAW,11,,7pm,,,,
LAW194606272,MAN,5,LAW,0,7,,MAKEUP,,,
FRV194606271,PAW,2,FRV,0,7,7pm,,,,
FRV194606272,PAW,4,FRV,2,,,,,,
PRT194606270,PRV,PPD,PRT,PPD,,3:15pm,RAINEDOUT,Rain,,
PAW194606280,FRV,3,PAW,10,,8:30pm, ,,,
PRV194606281,LAW,9,PRV,0,7,7pm,,,,
PRV194606282,LAW,7,PRV,6,,,MAKEUP,,,
LYN194606280,NAS,4,LYN,3,,8:30pm,,,,
PRT194606281,MAN,PPD,PRT,PPD,,3:15pm?,RAINEDOUT,Rain,,
PRT194606282,MAN,PPD,PRT,PPD,,,MAKEUP-RAINEDOUT,Rain,,
PAW194606290,LYN,4,PAW,5,,8:30pm,,,,
NAS194606291,LAW,4,NAS,8,,6:30pm,,,,
NAS194606292,LAW,PPD,NAS,PPD,,,MAKEUP listed in 0629 papers but not 0630,,,
FRV194606291,PRV,2,FRV,4,,7pm,,,,
FRV194606292,PRV,12,FRV,2,,9:30pm,MAKEUP,,,
MAN194606291,PRT,1,MAN,9,,8:15pm,,,,
MAN194606292,PRT,3,MAN,17,,,MAKEUP not listed in 0629 papers but in 0630,,,
PAW194606300,MAN,2,PAW,4,,8:30pm,,,,
NAS194606301,PRV,8,NAS,3,7,6:30pm,,,,
NAS194606302,PRV,4,NAS,3,,,MAKEUP,,,
LAW194606301,PRT,6,LAW,19,,7pm,,,,
LAW194606302,PRT,2,LAW,8,7,,,,,
LYN194606301,FRV,6,LYN,4,,1:30pm,,,,
LYN194606302,FRV,0,LYN,3,,,MAKEUP,,,
PAW194607010,PRV,5,PAW,2,,8:30pm,,,,
NAS194607010,PRT,1,NAS,5,,8:30pm,,,,
LAW194607010,LYN,4,LAW,5,,8:30pm,,,,
FRV194607011,MAN,9,FRV,3,7,7pm,,,,
FRV194607012,MAN,6,FRV,3,,9:30pm,MAKEUP,,,
PRV194607021,MAN,6,PRV,4,7,7pm,,,,
PRV194607022,MAN,11,PRV,0,,,MAKEUP,,,
LYN194607020,PAW,2,LYN,0,,8:30pm,,,,
FRV194607021,NAS,1,FRV,2,7,7pm,,,,
FRV194607022,NAS,3,FRV,0,,9:30pm,MAKEUP,,,
NAS194607030,PAW,0,NAS,1,,8:30pm,,,,
LYN194607030,PRV,2,LYN,0,,8:30pm,,,,
PRT194607030,LAW,9,PRT,6,,3:15pm,,,,
MAN194607030,FRV,5,MAN,6,10,8:45pm,,,,
NAS194607041,LAW,3,NAS,4,7,6:30pm,,,,
NAS194607042,LAW,0,NAS,2,,,,,,
FRV194607041,LYN,8,FRV,5,8,7pm,,,,
FRV194607042,LYN,8,FRV,4,,9:30pm,,,,
PRT194607041,PRV,7,PRT,8,,2pm,,,,
PRT194607042,PRV,10,PRT,11,7,,,,,
MAN194607041,PAW,3,MAN,0,7,6:30pm,,,,
MAN194607042,PAW,19,MAN,13,,,,,,
PAW194607050,NAS,1,PAW,4,,8:30pm,,,,
PRV194607050,MAN,6,PRV,7,,8:30pm,,,,
LYN194607050,FRV,PPD,LYN,PPD,,,NOT_LISTED_IN_JULY5_PAPERS,,,
LAW194607050,LYN,8,LAW,5,,8:30pm,MAKEUP,,,
PRV194607060,NAS,7,PRV,8,,8:30pm,,,,
FRV194607061,PAW,1,FRV,0,7,7pm,,,,
FRV194607062,PAW,8,FRV,0,,9pm,MAKEUP,,,
PRT194607060,LYN,13,PRT,1,,3:15pm,,,,
MAN194607060,LAW,3,MAN,7,,8:45pm,,,,
PAW194607070,PRV,3,PAW,4,,8:30pm,,,,
LAW194607070,NAS,2,LAW,3,,3pm,,,,
LYN194607070,MAN,2,LYN,6,,3pm,,,,
FRV194607071,PRT,3,FRV,5,,1:30pm,,,,
FRV194607072,PRT,6,FRV,8,7,,,,,
MAN194607070,LYN,13,MAN,6,,8:30pm,,,,
PRV194607080,LYN,10,PRV,9,,8:30pm,,,,
LAW194607081,PAW,1,LAW,7,,7pm,,,,
LAW194607082,PAW,4,LAW,1,7,,MAKEUP,,,
PRT194607080,FRV,10,PRT,5,7,3:15pm,,,,
MAN194607080,NAS,3,MAN,5,,8:30pm,,,,
PRV194607091,LAW,9,PRV,10,7,7pm,,,,
PRV194607092,LAW,2,PRV,6,8,,MAKEUP,,Curfew,
NAS194607090,MAN,1,NAS,2,,8:30pm,,,,
LYN194607090,PAW,0,LYN,10,,8:30pm,,,,
PRT194607090,FRV,6,PRT,2,,3:15pm,,,,
PAW194607101,LAW,5,PAW,2,7,7pm,,,,
PAW194607102,LAW,3,PAW,0,,,MAKEUP,,,
NAS194607101,FRV,1,NAS,5,7,6:30pm,,,,
NAS194607102,FRV,3,NAS,9,,,MAKEUP,,,
LYN194607100,PRT,5,LYN,11,,8:30pm,,,,
MAN194607101,PRV,0,MAN,3,,6:30pm,,,,
MAN194607102,PRV,1,MAN,6,7,,MAKEUP,,,
PRV194607110,PAW,13,PRV,10,,8:30pm,,,,
NAS194607111,LYN,3,NAS,5,7,8:30pm?,,,,
NAS194607112,LYN,0,NAS,4,,,MAKEUP,,,
LAW194607110,FRV,2,LAW,12,,8:30pm,,,,
PRT194607110,MAN,8,PRT,8,,3:15pm,DARKNESS,,Darkness,
PAW194607120,FRV,3,PAW,5,,8:30pm,,,,
LAW194607120,PRV,2,LAW,13,,8:30pm,,,,
LYN194607120,NAS,5,LYN,4,,8:30pm,,,,
MAN194607120,PRT,3,MAN,17,,8:30pm,,,,
PRV194607130,LYN,3,PRV,1,,8:30pm,,,,
FRV194607130,LAW,8,FRV,9,,8:30pm,,,,
PRT194607130,NAS,11,PRT,1,,2pm,,,,
MAN194607130,PAW,8,MAN,6,,8:30pm,,,,
PRV194607141,FRV,2,PRV,5,7,7pm,,,,
PRV194607142,FRV,11,PRV,13,,,,,,
NAS194607140,MAN,3,NAS,2,,8:30pm,,,,
LYN194607140,LAW,4,LYN,5,12,3pm,,,,
PRT194607141,PAW,18,PRT,6,,2pm,,,,
PRT194607142,PAW,11,PRT,6,7,,MAKEUP,,,
PRV194607150,PRT,4,PRV,6,,8:30pm,,,,
NAS194607151,PAW,0,NAS,4,7,6:30pm,,,,
NAS194607152,PAW,0,NAS,3,,,MAKEUP,,,
LAW194607150,LYN,PPD,LAW,PPD,,,REPLACED_WITH_MLB_EXHIBITION,,,
PAW194607160,MAN,5,PAW,4,10,8:30pm,,,,
LAW194607160,PRT,0,LAW,10,,8:30pm,,,,
LYN194607161,PRV,4,LYN,5,8,6:30pm,,,,
LYN194607162,PRV,3,LYN,5,8,,MAKEUP,,,
FRV194607161,NAS,4,FRV,5,7,7pm,,,,
FRV194607162,NAS,7,FRV,1,,9pm,MAKEUP,,,
PAW194607170,LYN,6,PAW,5,,8:30pm,,,,
FRV194607170,NAS,9,FRV,4,,8:30pm,,,,
PRT194607170,PRV,7,PRT,3,,5:45pm,,,,
MAN194607170,LAW,5,MAN,15,,8:30pm,,,,
PRV194607181,NAS,2,PRV,3,8,7pm,,,,
PRV194607182,NAS,3,PRV,8,,,MAKEUP,,,
LAW194607180,PAW,2,LAW,4,,8:30pm,,,,
FRV194607180,MAN,10,FRV,11,10,8:30pm,,,,
PRT194607180,LYN,25,PRT,5,7,5:45pm,,,Darkness,
PAW194607191,PRT,3,PAW,5,7,7:30pm,,,,
PAW194607192,PRT,5,PAW,4,,,MAKEUP,,,
PRV194607190,LAW,7,PRV,8,10,8:30pm,,,,
LYN194607190,FRV,0,LYN,15,,8:30pm,,,,
MAN194607190,NAS,11,MAN,7,,8:30pm,,,,
PAW194607200,LAW,6,PAW,3,,8:30pm,,,,
PRV194607200,MAN,4,PRV,3,,8:30pm,,,,
FRV194607201,PRT,2,FRV,3,7,7pm,,,,
FRV194607202,PRT,6,FRV,1,,9pm,,,,
PAW194607211,NAS,6,PAW,1,,3pm,,,,
PAW194607212,NAS,3,PAW,2,,8:30pm,,,,
FRV194607210,PRV,12,FRV,4,,3pm,,,,
PRV194607210,FRV,2,PRV,10,,8:30pm,,,,
LYN194607211,MAN,2,LYN,0,,3pm,,,,
PRT194607211,LAW,PPD,PRT,PPD,,2pm,RAINEDOUT,Rain,,
PRT194607212,LAW,PPD,PRT,PPD,,,RAINEDOUT,Rain,,
MAN194607212,LYN,PPD,MAN,PPD,,8:30pm,RAINEDOUT,Rain,,
PAW194607220,LYN,PPD,PAW,PPD,,8:30pm,RAINEDOUT,Rain,,
NAS194607220,PRT,PPD,NAS,PPD,,8:30pm,RAINEDOUT,Rain,,
LAW194607220,MAN,PPD,LAW,PPD,,8:30pm,RAINEDOUT,Rain,,
PRV194607230,PAW,PPD,PRV,PPD,,8:30pm,RAINEDOUT,Rain,,
LYN194607230,NAS,PPD,LYN,PPD,,8:30pm,RAINEDOUT,Rain,,
FRV194607230,LAW,PPD,FRV,PPD,,8:30pm,RAINEDOUT,Rain,,
PRT194607231,MAN,PPD,PRT,PPD,,3pm,RAINEDOUT,Rain,,
PRT194607232,MAN,PPD,PRT,PPD,,,MAKEUP,,,
PRV194607240,NAS,9,PRV,3,10,8:30pm,,,,
LAW194607240,FRV,0,LAW,14,,8:30pm,,,,
LYN194607240,PAW,6,LYN,8,,8:30pm,,,,
MAN194607240,PRT,1,MAN,12,,8:30pm,,,,
PAW194607250,MAN,9,PAW,4,,8:30pm,,,,
NAS194607250,LYN,3,NAS,4,,8:30pm,,,,
LAW194607251,PRV,0,LAW,10,7,7pm,,,,
LAW194607252,PRV,4,LAW,9,,,,,,
PRT194607250,FRV,10,PRT,6,8,5:45pm,,,Darkness,
PAW194607260,PRV,5,PAW,2,,8:30pm,,,,
LYN194607261,PRT,6,LYN,4,7,6:30pm,,,,
LYN194607262,PRT,4,LYN,9,,,,,,
MAN194607260,LAW,6,MAN,3,,8:30pm,,,,
PRV194607270,PRT,3,PRV,9,,8:30pm,,,,
LAW194607270,NAS,9,LAW,10,,8:30pm,,,,
FRV194607270,PAW,9,FRV,1,,8:30pm,,,,
MAN194607270,LYN,6,MAN,2,,8:30pm,,,,
PAW194607280,LAW,0,PAW,2,,Night,,,,
PRV194607281,PAW,3,PRV,5,,2:30pm,MAKEUP,,,
PRV194607282,MAN,19,PRV,10,,8:30pm,,,,
LYN194607281,FRV,13,LYN,11,,,,,,
LYN194607282,FRV,1,LYN,14,,,,,,
PRT194607281,NAS,12,PRT,6,7,,,,,
PRT194607282,NAS,13,PRT,4,,,,,,
PRV194607290,FRV,0,PRV,14,,8:30pm,,,,
LAW194607290,LYN,13,LAW,15,10,8:30pm,,,,
PRT194607291,MAN,12,PRT,8,7,3pm,,,,
PRT194607292,MAN,6,PRT,7,,,MAKEUP,,,
NAS194607290,PAW,5,NAS,6,,8:30pm,,,,
PAW194607300,NAS,3,PAW,4,11,8:30pm,,,,
LYN194607300,LAW,PPD,LYN,PPD,,8:30pm,RAINEDOUT,Rain,,
PRT194607300,PRV,7,PRT,1,,5:45pm,,,,
PAW194607310,FRV,4,PAW,3,,8:30pm,,,,
LAW194607311,NAS,6,LAW,5,7,7pm,,,,
LAW194607312,NAS,0,LAW,2,,,,,,
LYN194607310,PRV,1,LYN,7,,8:30pm,,,,
MAN194607310,PRT,PPD,MAN,PPD,,8:30pm,RAINEDOUT,Rain,,
PRV194608010,LYN,PPD,PRV,PPD,,8:30pm,RAINEDOUT,Rain,,
NAS194608011,PAW,PPD,NAS,PPD,,6:30pm,RAINEDOUT,Rain,,
NAS194608012,PAW,PPD,NAS,PPD,,,MAKEUP-RAINEDOUT,Rain,,
FRV194608010,MAN,PPD,FRV,PPD,,8:45pm,RAINEDOUT,Rain,,
PRT194608011,LAW,PPD,PRT,PPD,,3pm,RAINEDOUT,Rain,,
PRT194608012,LAW,PPD,PRT,PPD,,,RAINEDOUT,Rain,,
PAW194608020,LAW,3,PAW,1,10,8:30pm,,,,
LYN194608020,FRV,PPD,LYN,PPD,,8:30pm,RAINEDOUT,Rain,,
MAN194608020,NAS,PPD,MAN,PPD,,8:30pm,RAINEDOUT,Rain,,
PRV194608020,PRT,PPD,PRV,PPD,,8:30pm,RAINEDOUT,Rain,,
PRV194608030,LAW,5,PRV,8,,8:30pm,,,,
NAS194608030,PRT,0,NAS,5,,8:30pm,,,,
MAN194608030,PAW,3,MAN,6,,8:30pm,,,,
LYN194608030,FRV,3,LYN,4,,Afternoon,MAKEUP,,,
PRV194608040,NAS,6,PRV,2,,8:30pm,,,,
LYN194608040,MAN,3,LYN,7,,3pm,,,,
MAN194608040,LYN,0,MAN,2,,8:30pm,,,,
FRV194608041,LAW,4,FRV,2,7,1:30pm,,,,
FRV194608042,LAW,2,FRV,0,10,,MAKEUP,,,
PRT194608041,PAW,10,PRT,4,,2pm,,,,
PRT194608042,PAW,4,PRT,0,7,,,,,
NAS194608050,PRV,0,NAS,2,,8:30pm,,,,
LAW194608051,MAN,3,LAW,5,7,7pm,,,,
LAW194608052,MAN,7,LAW,2,,,MAKEUP,,,
LYN194608050,PRT,6,LYN,8,,8:30pm,,,,
FRV194608050,PAW,PPD,FRV,PPD,,8:45pm,FOGGEDOUT,Fog: Scoreless thru 2nd inning,,
PAW194608060,PRT,0,PAW,10,,8:30pm,,,,
LAW194608060,FRV,3,LAW,8,,8:30pm,,,,
LYN194608061,NAS,6,LYN,5,11,6:30pm,,,,
LYN194608062,NAS,8,LYN,14,8,,MAKEUP,,Midnight Curfew,
MAN194608060,PRV,4,MAN,5,,8:30pm,,,,
PRV194608070,PAW,PPD,PRV,PPD,,8:30pm,RAINEDOUT,Rain,,
NAS194608070,FRV,PPD,NAS,PPD,,8:30pm,RAINEDOUT,Rain,,
PRT194608070,LYN,PPD,PRT,PPD,,5:45pm,RAINEDOUT,Rain,,
MAN194608070,LAW,PPD,MAN,PPD,,8:30pm,RAINEDOUT,Rain,,
PAW194608081,LYN,1,PAW,2,,7:30pm,,,,
PAW194608082,LYN,4,PAW,1,,,MAKEUP,,,
NAS194608081,LAW,3,NAS,18,7,6:30pm,,,,
NAS194608082,LAW,7,NAS,5,,,MAKEUP,,,
FRV194608081,PRV,9,FRV,4,7,7pm,,,,
FRV194608082,PRV,3,FRV,1,,9pm,,,,
PRT194608081,MAN,11,PRT,7,,3pm,,,,
PRT194608082,MAN,16,PRT,6,7,,MAKEUP,,,
PAW194608091,NAS,1,PAW,4,7,6:30pm,,,,
PAW194608092,NAS,2,PAW,1,,,MAKEUP,,,
PRV194608090,FRV,1,PRV,8,,8:30pm,,,,
LYN194608090,LAW,9,LYN,2,,8:30pm,,,,
MAN194608091,PRT,0,MAN,5,7,6:30pm,,,,
MAN194608092,PRT,9,MAN,12,,,MAKEUP,,,
PAW194608100,FRV,0,PAW,4,5,8:30pm,,,Rain,
LAW194608100,PRV,PPD,LAW,PPD,,8:30pm,RAINEDOUT,Rain,,
FRV194608100,NAS,PPD,FRV,PPD,,Afternoon,RAINEDOUT,Rain,,
MAN194608101,LYN,PPD,MAN,PPD,,Twilight,RAINEDOUT,Rain,,
MAN194608102,LYN,PPD,MAN,PPD,,,MAKEUP-RAINEDOUT,Rain,,
PRV194608110,PAW,3,PRV,6,,2:30pm,MAKEUP,,,
PAW194608110,PRV,4,PAW,2,,8:30pm,,,,
LYN194608110,LAW,1,LYN,5,,3pm,,,,
PRT194608111,NAS,9,PRT,4,,2pm,,,,
PRT194608112,NAS,5,PRT,1,7,,MAKEUP,,,
MAN194608110,FRV,1,MAN,11,,8:30pm,,,,
PRV194608120,MAN,7,PRV,5,10,8:30pm,,,,
NAS194608120,PAW,PPD,NAS,PPD,,,REPLACED_WITH_PHILLIES_AT_PAWTUCKET,,,
LAW194608120,LYN,2,LAW,10,,8:30pm,,,,
PRT194608120,FRV,8,PRT,7,7,5:45pm,,,,
PRV194608131,LYN,PPD,PRV,PPD,,7pm,RAINEDOUT,Rain,,
PRV194608132,LYN,PPD,PRV,PPD,,,MAKEUP-RAINEDOUT,Rain,,
NAS194608131,PRT,PPD,NAS,PPD,,6:30pm,RAINEDOUT,Rain,,
NAS194608132,PRT,PPD,NAS,PPD,,,MAKEUP-RAINEDOUT,Rain,,
FRV194608131,LAW,4,FRV,2,7,6:30pm,,,,
FRV194608132,LAW,PPD,FRV,PPD,,8pm,MAKEUP-RAINEDOUT,Rain: Lawrence led 1-0 in bottom of 3rd inning,,
MAN194608130,PAW,PPD,MAN,PPD,,8:30pm,RAINEDOUT,Rain,,
PRV194608140,LAW,3,PRV,4,14,8:30pm,,,,
MAN194608140,NAS,PPD,MAN,PPD,,8:30pm,RELOCATED_TO_MANCHESTER-RAINEDOUT,Rain,,
LYN194608140,PAW,10,LYN,14,,8:15pm,,,,
FRV194608141,PRT,PPD,FRV,PPD,,6:30pm,RAINEDOUT,Rain,,
FRV194608142,PRT,PPD,FRV,PPD,,8pm,MAKEUP-RAINEDOUT,Rain,,
PAW194608151,PRT,5,PAW,6,7,7pm,,,,
PAW194608152,PRT,0,PAW,9,,,MAKEUP,,,
LAW194608151,NAS,3,LAW,1,7,7pm,,,,
LAW194608152,NAS,4,LAW,1,,,,,,
LYN194608150,PRV,3,LYN,7,,8:15pm,,,,
FRV194608151,MAN,6,FRV,2,7,6:30pm,,,,
FRV194608152,MAN,14,FRV,1,,,MAKEUP,,,
PAW194608161,MAN,4,PAW,1,7,7pm,,,,
PAW194608162,MAN,0,PAW,3,7,9pm,MAKEUP,,Rain,
NAS194608161,FRV,3,NAS,9,7,6:30pm,,,,
NAS194608162,FRV,4,NAS,4,11,,MAKEUP,,Rain,
LAW194608161,PRV,0,LAW,3,7,8:30pm?,,,,
LAW194608162,PRV,0,LAW,8,,,MAKEUP,,,
LYN194608160,PRT,4,LYN,9,,8:15pm,,,,
PAW194608170,LAW,PPD,PAW,PPD,,8:30pm,RAINEDOUT,Rain,,
FRV194608171,LYN,6,FRV,4,7,6:30pm,,,,
FRV194608172,LYN,1,FRV,5,,8pm,MAKEUP,,,
MAN194608171,NAS,PPD,MAN,PPD,,Afternoon,MAKEUP-CANCELLED,,,
NAS194608170,MAN,6,NAS,7,,8:30pm,RELOCATED_TO_NASHUA,,,
PRV194608171,PRT,5,PRV,14,,7pm,,,,
PRV194608172,PRT,PPD,PRV,PPD,,,MAKEUP-RAINEDOUT,Rain,,
PRV194608180,PAW,2,PRV,0,,8:30pm,,,,
NAS194608181,FRV,1,NAS,3,7,6:30pm,,,,
NAS194608182,FRV,4,NAS,5,12,,MAKEUP,,,
LYN194608180,MAN,1,LYN,6,,,,,,
MAN194608180,LYN,1,MAN,2,10,,,,,
PRT194608181,LAW,21,PRT,8,,2pm,,,,
PRT194608182,LAW,6,PRT,4,7,,MAKEUP,,,
PAW194608190,LYN,PPD,PAW,PPD,,8:30pm,RAINEDOUT,Rain,,
NAS194608190,PRV,PPD,NAS,PPD,,8:15pm,RAINEDOUT,Rain,,
LAW194608191,PRT,PPD,LAW,PPD,,7pm,RAINEDOUT,Rain,,
LAW194608192,PRT,PPD,LAW,PPD,,,MAKEUP-RAINEDOUT,Rain,,
MAN194608190,FRV,PPD,MAN,PPD,,8:15pm,RAINEDOUT,Rain,,
PAW194608200,PRV,3,PAW,6,,8:30pm,,,,
NAS194608201,LAW,0,NAS,4,7,6:30pm,,,,
NAS194608202,LAW,3,NAS,5,,,MAKEUP,,,
LYN194608200,FRV,1,LYN,4,,8:15pm,,,,
PRT194608201,MAN,18,PRT,7,,5:15pm,,,,
PRT194608202,MAN,8,PRT,2,7,,MAKEUP,,,
PAW194608210,FRV,1,PAW,3,,8:30pm,,,,
PRV194608211,LYN,4,PRV,5,7,7pm,,,,
PRV194608212,LYN,17,PRV,9,,,MAKEUP,,,
LAW194608211,MAN,2,LAW,3,10,7pm,,,,
LAW194608212,MAN,1,LAW,0,,,,,,
PRT194608211,NAS,4,PRT,0,,5:15pm,,,,
PRT194608212,NAS,18,PRT,8,,,MAKEUP,,,
PRV194608221,NAS,4,PRV,2,7,7pm,,,,
PRV194608222,NAS,3,PRV,4,,,MAKEUP,,,
LAW194608220,PAW,2,LAW,5,,8:15pm,,,,
FRV194608220,MAN,6,FRV,9,,8pm,,,,
PRT194608221,LYN,12,PRT,2,,3pm,,,,
PRT194608222,LYN,7,PRT,4,7,,MAKEUP,,,
PAW194608230,MAN,PPD,PAW,PPD,,8:30pm,RAINEDOUT,Rain,,
NAS194608231,FRV,0,NAS,1,7,6:30pm,,,,
NAS194608232,FRV,4,NAS,4,13,,MAKEUP,,,
LYN194608231,LAW,PPD,LYN,PPD,,6:30pm,RAINEDOUT,Rain,,
LYN194608232,LAW,PPD,LYN,PPD,,,MAKEUP-RAINEDOUT,Rain,,
PRV194608231,PRT,4,PRV,0,6,7pm,,,Rain,
PRV194608232,PRT,PPD,PRV,PPD,,,MAKEUP-RAINEDOUT,Rain,,
PRV194608240,LYN,5,PRV,0,,8:30pm,MAKEUP,,,
NAS194608241,PAW,1,NAS,2,7,6:30pm,,,,
NAS194608242,PAW,6,NAS,2,,,MAKEUP,,,
MAN194608241,LAW,0,MAN,6,7,6:15pm,,,,
MAN194608242,LAW,0,MAN,11,,,MAKEUP,,,
FRV194608241,PRT,2,FRV,0,7,6:30pm,MAKEUP,,,
FRV194608242,PRT,1,FRV,4,,8pm,MAKEUP,,,
PAW194608251,LYN,1,PAW,3,7,7pm,,,,
PAW194608252,LYN,1,PAW,3,,,,,,
FRV194608250,PRV,4,FRV,1,,3pm,,,,
PRV194608250,FRV,5,PRV,3,,8:30pm,,,,
NAS194608250,LAW,1,NAS,3,,8:15pm,,,,
MAN194608250,PRT,13,MAN,12,,2:30pm,,,,Portsmouth NH
PAW194608260,NAS,2,PAW,0,,8:15pm,,,,
LAW194608261,PRT,4,LAW,7,7,7pm,,,,
LAW194608262,PRT,6,LAW,8,,,MAKEUP,,,
LYN194608260,PRV,7,LYN,14,,8:15pm,,,,
MAN194608260,FRV,1,MAN,11,,8:15pm,,,,
PRV194608270,PAW,PPD,PRV,PPD,,8:15pm,RAINEDOUT,Rain,,
NAS194608270,PRT,PPD,NAS,PPD,,8:15pm,RAINEDOUT,Rain,,
LYN194608271,MAN,PPD,LYN,PPD,,6:30pm,RAINEDOUT,Rain,,
LYN194608272,MAN,PPD,LYN,PPD,,,MAKEUP-RAINEDOUT,Rain,,
FRV194608271,LAW,PPD,FRV,PPD,,6:30pm,RAINEDOUT,Rain,,
FRV194608272,LAW,PPD,FRV,PPD,,8pm,MAKEUP-RAINEDOUT,Rain,,
PAW194608281,LAW,0,PAW,1,7,6:30pm,,,,
PAW194608282,LAW,0,PAW,4,,,MAKEUP,,,
LYN194608280,PRT,1,LYN,11,,8:15pm,,,,
FRV194608281,NAS,7,FRV,3,7,6:30pm,,,,
FRV194608282,NAS,11,FRV,3,,,MAKEUP,,,
MAN194608281,PRV,1,MAN,5,7,6:15pm,,,,
MAN194608282,PRV,4,MAN,8,,,MAKEUP,,,
NAS194608290,MAN,PPD,NAS,PPD,,8:15pm,RAINEDOUT,Rain,,
LAW194608290,LYN,PPD,LAW,PPD,,8:15pm,RAINEDOUT,Rain,,
FRV194608291,PAW,0,FRV,1,11,6:30pm,,,,
FRV194608292,PAW,4,FRV,0,,,MAKEUP,,,
PRT194608291,PRV,4,PRT,3,7,3pm,,,Rain,
PRT194608292,PRV,PPD,PRT,PPD,,,MAKEUP-RAINEDOUT,Rain,,
PAW194608300,PRV,3,PAW,13,,8:15pm,,,,
LYN194608301,LAW,1,LYN,2,,8:15pm,,,,
LYN194608302,LAW,4,LYN,7,,,MAKEUP,,,
PRT194608301,FRV,0,PRT,6,,3pm,,,,
PRT194608302,FRV,2,PRT,9,7,,MAKEUP,,,
MAN194608301,NAS,2,MAN,3,7,6:15pm,,,,
MAN194608302,NAS,0,MAN,1,7,,MAKEUP,,,
PAW194608310,PRT,1,PAW,9,,8:15pm,,,,
PRV194608310,NAS,7,PRV,6,10,8:15pm,,,,
LYN194608311,MAN,0,LYN,2,,6:15pm,,,,
LYN194608312,MAN,4,LYN,1,,,MAKEUP,,,
FRV194608311,LAW,12,FRV,0,7,6:30pm,,,,
FRV194608312,LAW,8,FRV,6,13,8pm,MAKEUP,,,
PRV194609011,PAW,4,PRV,6,7,7pm,,,,
PRV194609012,PAW,3,PRV,19,,,MAKEUP,,,
NAS194609011,FRV,2,NAS,8,7,6:30pm,,,,
NAS194609012,FRV,3,NAS,1,,,,,,
LAW194609011,PRT,0,LAW,16,,1:30pm,,,,
LAW194609012,PRT,8,LAW,3,7,,MAKEUP,,,
MAN194609011,LYN,0,MAN,2,7,6:15pm,,,,
MAN194609012,LYN,3,MAN,7,,,MAKEUP,,,
PAW194609021,PRT,0,PAW,1,7,6:30pm,,,,
PAW194609022,PRT,12,PAW,0,,,,,,
NAS194609021,LYN,10,NAS,3,7,6:30pm,,,,
NAS194609022,LYN,3,NAS,13,,,,,,
LAW194609021,FRV,5,LAW,2,7,7pm,,,,
LAW194609022,FRV,3,LAW,15,,,,,,
MAN194609021,PRV,1,MAN,3,7,2pm,,,,
MAN194609022,PRV,4,MAN,3,7,,,,,
